"UniqueID","Probability1"
6533,0.0594048677624783
6534,0.101413289444129
6535,0.941030465279742
6536,0.197685685689573
6537,0.592482687820206
6538,0.871066678154921
6539,0.901515176275493
6540,0.187511102281336
6541,0.098559226611082
6542,0.0151014994220903
6543,0.0141520033036208
6544,0.854596870434182
6545,0.0165396431698514
6546,0.154367021732997
6547,0.0276098752678
6548,0.86913089566075
6549,0.871492776059756
6550,0.203128264832827
6551,0.575783348266955
6552,0.0624023417069742
6553,0.172532309849213
6554,0.0265773323295201
6555,0.830127690923049
6556,0.01815390824136
6557,0.0134828407348359
6558,0.671737457947192
6559,0.0178383480165924
6560,0.710046110444937
6561,0.594990020593014
6562,0.0162686690049301
6563,0.0131690176889025
6564,0.0223425561408699
6565,0.0288225317243317
6566,0.124542976496325
6567,0.183663226909638
6568,0.758269005087246
6569,0.673836272304921
6570,0.0182843251877157
6571,0.0350000001975692
6572,0.231311663294627
6573,0.698750759525841
6574,0.863794087247448
6575,0.0234643864047484
6576,0.750928578532182
6577,0.0275389711126547
6578,0.0144885541476755
6579,0.0270935919160605
6580,0.0161125871211282
6581,0.6818195912517
6582,0.0465487817709796
6583,0.145314973843828
6584,0.0809255579654241
6585,0.018500000140401
6586,0.162093395947346
6587,0.159449569101916
6588,0.0304799556551077
6589,0.0142896539572117
6590,0.117080923624705
6591,0.826175159358621
6592,0.0141324443085924
6593,0.0136897649633087
6594,0.0218020737218318
6595,0.0170947258050278
6596,0.0172362802265275
6597,0.0215852273404649
6598,0.0147104465953859
6599,0.0299641809368053
6600,0.644737287266449
6601,0.0615643790345152
6602,0.0160019873538976
6603,0.028545433621292
6604,0.0276797323167554
6605,0.0648768738265366
6606,0.667305031770599
6607,0.0200468690002369
6608,0.753274125523311
6609,0.664120638985999
6610,0.0240487462042835
6611,0.0279640214748239
6612,0.116440647242765
6613,0.016907730021876
6614,0.285616570365446
6615,0.0168381167395619
6616,0.238617134323677
6617,0.110647787066409
6618,0.0313188613101497
6619,0.0395000006142744
6620,0.0320000053167441
6621,0.100112587121128
6622,0.0491299851679114
6623,0.0184045575543785
6624,0.0385000071281831
6625,0.041738872370102
6626,0.0400000036203693
6627,0.0177109951446011
6628,0.0300000043500133
6629,0.0294285759056685
6630,0.0300000046642149
6631,0.0806454032096373
6632,0.169167974625806
6633,0.851818406429233
6634,0.24530484709037
6635,0.532984006196078
6636,0.306362971662866
6637,0.330082204057031
6638,0.317903372500613
6639,0.267311071158904
6640,0.270878844887945
6641,0.310114591449573
6642,0.287814069789928
6643,0.315125048037252
6644,0.313264819197479
6645,0.218501765253099
6646,0.519078786944644
6647,0.0546647720494334
6648,0.120977456136173
6649,0.160156598487701
6650,0.704995169364361
6651,0.0134083520805029
6652,0.0229259190742468
6653,0.0540997419128451
6654,0.096473288369652
6655,0.0951991363893745
6656,0.13245512634427
6657,0.0360647428244328
6658,0.169292152128205
6659,0.0209637381870161
6660,0.652100122863107
6661,0.0249714937190605
6662,0.0168381167395619
6663,0.02080748065735
6664,0.577927769833316
6665,0.169274479945822
6666,0.0169776209912548
6667,0.0264891873152519
6668,0.0245000001339591
6669,0.023106908537586
6670,0.82029706864495
6671,0.810569415234032
6672,0.0168844947907955
6673,0.176974482864048
6674,0.0387523011238362
6675,0.0174562691618112
6676,0.0180600116061313
6677,0.0154599118615478
6678,0.0447834048587564
6679,0.145734970924261
6680,0.602309077541078
6681,0.0229509433947709
6682,0.0185367058838078
6683,0.166804814341937
6684,0.690260733888377
6685,0.0138997741750673
6686,0.0188181928486148
6687,0.0257492979200634
6688,0.694041507195696
6689,0.0254859632189619
6690,0.0171837827211405
6691,0.0785356111912657
6692,0.182797664168292
6693,0.0151223578256984
6694,0.714282293031854
6695,0.0417742788621791
6696,0.0237307812799183
6697,0.779888177658765
6698,0.0170660893967139
6699,0.0297896539572117
6700,0.0174267786231818
6701,0.440041110647858
6702,0.0158483801931995
6703,0.283406917373665
6704,0.218563185298495
6705,0.119627452914433
6706,0.0405000038161319
6707,0.0430000002713691
6708,0.0190197658285837
6709,0.0991080648986349
6710,0.0137657727488416
6711,0.0483666676340598
6712,0.0173551050637509
6713,0.0375000082771653
6714,0.0479124831681005
6715,0.0293085985753698
6716,0.0305000043130238
6717,0.0430000036255258
6718,0.183371657660552
6719,0.0304424864815471
6720,0.666188511599528
6721,0.0310000046114083
6722,0.0178360076365177
6723,0.960559237326549
6724,0.111104310961801
6725,0.755070420603717
6726,0.0689383151975866
6727,0.262501261626135
6728,0.832456213674452
6729,0.0260243697469504
6730,0.0134269366414393
6731,0.448893677080516
6732,0.0143292208266778
6733,0.0205610001852547
6734,0.0434349680989371
6735,0.0302915847133007
6736,0.0195533552609757
6737,0.0203437839582535
6738,0.171989187315252
6739,0.574369013685558
6740,0.0218292208266778
6741,0.0966991363893745
6742,0.0131690176889025
6743,0.0266542736296561
6744,0.0430000059579314
6745,0.208442819841798
6746,0.0170477906716294
6747,0.0215658847969733
6748,0.0410487817709796
6749,0.039290451507765
6750,0.722528122124344
6751,0.0239036155417637
6752,0.089591190189565
6753,0.698681157909927
6754,0.154292890177071
6755,0.0174267786231818
6756,0.0224100824910821
6757,0.551654655818217
6758,0.14338667871666
6759,0.0444547805133479
6760,0.0185000001228193
6761,0.0205254858021145
6762,0.018000000163032
6763,0.0131690176889025
6764,0.703998262416407
6765,0.0330055619657758
6766,0.0171570336361641
6767,0.0164941800116162
6768,0.0373876407854935
6769,0.0355422511071626
6770,0.0557273888312401
6771,0.0249269366414393
6772,0.0282885329858616
6773,0.0171130731241066
6774,0.01361416510453
6775,0.818643863897342
6776,0.0210209852509062
6777,0.0150183442137058
6778,0.0222161778321645
6779,0.0446356028488066
6780,0.732899717392963
6781,0.0663176038399564
6782,0.0303720041643455
6783,0.0148688940124673
6784,0.0268748456601634
6785,0.0594585655470158
6786,0.0211529799124025
6787,0.659639242751854
6788,0.128101527840394
6789,0.0152902327543749
6790,0.307793878474116
6791,0.0170477906716294
6792,0.0217699103075997
6793,0.126185787643523
6794,0.0155240103486595
6795,0.178200089702022
6796,0.0992362802265275
6797,0.0933294671027079
6798,0.0340000002373871
6799,0.0533611649411562
6800,0.0582190500353828
6801,0.0419773715601993
6802,0.0400000067050127
6803,0.0300000039151605
6804,0.0420000036306896
6805,0.00386934972063321
6806,0.0300000046443419
6807,0.327470392756403
6808,0.948030354527038
6809,0.0395620551527072
6810,0.925412919854825
6811,0.0407062588374185
6812,0.0796208619401284
6813,0.0134641809368053
6814,0.0245586480945781
6815,0.0308223142421286
6816,0.113674329928921
6817,0.177763697389722
6818,0.0281524893178089
6819,0.84330220833896
6820,0.0248217331853075
6821,0.0472125000571191
6822,0.0679777209736732
6823,0.170083797023381
6824,0.810860318750716
6825,0.897379203583586
6826,0.0141324443085924
6827,0.0245681849970496
6828,0.0205577316729119
6829,0.193581384549304
6830,0.0248217331853075
6831,0.046500062818421
6832,0.0205678250628946
6833,0.0277021599237254
6834,0.0154812495042908
6835,0.724081314389538
6836,0.0234372379222111
6837,0.0465984286977691
6838,0.206510049503767
6839,0.0167457292234707
6840,0.0217724156343363
6841,0.0143094241191133
6842,0.0399427950351665
6843,0.0179119432203374
6844,0.823807235531958
6845,0.859569440236879
6846,0.0135953286368046
6847,0.551779880969695
6848,0.0200678250628946
6849,0.0195000001832141
6850,0.0349272646883609
6851,0.0133342636746838
6852,0.674898982468114
6853,0.0189734578710979
6854,0.0160240484223659
6855,0.0253034433681133
6856,0.0191037846949614
6857,0.039397199758997
6858,0.0178383480165924
6859,0.67808262418518
6860,0.188328932967909
6861,0.0221007826045786
6862,0.0236217063129315
6863,0.0413494027452042
6864,0.586027292756485
6865,0.0236213397494316
6866,0.639646637321575
6867,0.0697170133144026
6868,0.0260028913265781
6869,0.702304152456526
6870,0.0585000128310778
6871,0.0203702364357481
6872,0.0529846778997095
6873,0.0485455793261688
6874,0.116015066608496
6875,0.0184298047891738
6876,0.0183628473387481
6877,0.0376502339598041
6878,0.601344862125142
6879,0.020606908537586
6880,0.0207270691943974
6881,0.0176690176889025
6882,0.0160633982313323
6883,0.0172837157284005
6884,0.0310000049234233
6885,0.935932784406299
6886,0.0450163934217153
6887,0.0156098752678
6888,0.158340498963645
6889,0.0843760317997964
6890,0.0214779454206355
6891,0.0375000003679921
6892,0.100641785571428
6893,0.0504077861144581
6894,0.0159173219577048
6895,0.0238667679631279
6896,0.0050192902205876
6897,0.0293107355270155
6898,0.0390000070675699
6899,0.0400000036358607
6900,0.0300000044312491
6901,0.0295000045852296
6902,0.0202624795853576
6903,0.275973931821754
6904,0.886204433978748
6905,0.0422699627526296
6906,0.0569342593716487
6907,0.23502130654585
6908,0.0439601479158121
6909,0.085124409810903
6910,0.0248265530667345
6911,0.0221296014805406
6912,0.0134083520805029
6913,0.0646345568771592
6914,0.0232087285858983
6915,0.02777674106244
6916,0.0163585136363971
6917,0.0251897386241013
6918,0.125790116064702
6919,0.0375420777699851
6920,0.18803878244311
6921,0.895795875560641
6922,0.207583797023382
6923,0.0298796360169746
6924,0.0435717875900262
6925,0.244785142205308
6926,0.0216014994220903
6927,0.543928985503971
6928,0.0174987374501936
6929,0.021980833492662
6930,0.0186293797232984
6931,0.0131690176889025
6932,0.0398175923736375
6933,0.0166309328218409
6934,0.721604591921797
6935,0.646008674533374
6936,0.0168844947907955
6937,0.0217724156343363
6938,0.33209364380307
6939,0.0455045592868469
6940,0.700839115890248
6941,0.0933958513267033
6942,0.0191344869260065
6943,0.938531865725831
6944,0.0229580660240122
6945,0.0159579532896564
6946,0.0445003634744635
6947,0.12057838176443
6948,0.0165624201099761
6949,0.020893536101303
6950,0.466251075831199
6951,0.123095250861468
6952,0.0281607950440897
6953,0.767528929081019
6954,0.0175000001456939
6955,0.0841936895738188
6956,0.918545640429424
6957,0.0218020737218318
6958,0.0168612903759606
6959,0.0245396431698514
6960,0.450070423882162
6961,0.0183292208266778
6962,0.019129953023169
6963,0.161183291412656
6964,0.0144286037200145
6965,0.0240967219278007
6966,0.0919998356408717
6967,0.685854698780619
6968,0.0482139172988467
6969,0.0188641367164423
6970,0.126481249504291
6971,0.261195669957399
6972,0.71914453940494
6973,0.0356017339961877
6974,0.0134269366414393
6975,0.0314185550902188
6976,0.0450002671263325
6977,0.0187410188676183
6978,0.0213490441133141
6979,0.0351777755676352
6980,0.0166080648986349
6981,0.0166080648986349
6982,0.288795646547274
6983,0.0971997191557881
6984,0.0193670217329975
6985,0.0585000167914482
6986,0.0948294671027079
6987,0.0131690176889025
6988,0.0202822193922366
6989,0.0460086340838938
6990,0.880618351590481
6991,0.0604895190848291
6992,0.0400000036152202
6993,0.0294352863486732
6994,0.0495000092490075
6995,0.0190197658285837
6996,0.0426738694366388
6997,0.0290000041268633
6998,0.0217724156343363
6999,0.0290000046179763
7000,0.0663575964832077
7001,0.0356955465893919
7002,0.856355279892667
7003,0.90760989902854
7004,0.479060463333399
7005,0.837716664906128
7006,0.0268258875541194
7007,0.0334074191864524
7008,0.173148397674683
7009,0.736245379430742
7010,0.0434468110416725
7011,0.0570639982364668
7012,0.747413565892157
7013,0.0649485841694184
7014,0.306019571621409
7015,0.0706305007441815
7016,0.572516730232564
7017,0.204201520447874
7018,0.284029607423905
7019,0.189360355541071
7020,0.153025271243175
7021,0.762304603475608
7022,0.873624977651134
7023,0.929125656917317
7024,0.89959271619325
7025,0.0296909539698303
7026,0.918991268526286
7027,0.0353788888068005
7028,0.0334518176831545
7029,0.0504311991444416
7030,0.805243256106001
7031,0.0297082931246906
7032,0.223384857060724
7033,0.0324468110416725
7034,0.185185685689573
7035,0.207671185649764
7036,0.269236226406696
7037,0.920211199661041
7038,0.247721765056066
7039,0.0434131495399522
7040,0.0675756300347531
7041,0.0134455462496124
7042,0.0170119048197055
7043,0.109699136389375
7044,0.269316965466906
7045,0.175272116970079
7046,0.0263805538178743
7047,0.860541431757845
7048,0.672697531874746
7049,0.259300872940523
7050,0.0277613117536574
7051,0.0240322635956192
7052,0.258864670199285
7053,0.166774479945822
7054,0.0147307812799183
7055,0.0383420400107905
7056,0.183451059984376
7057,0.0470000003237484
7058,0.104154452276784
7059,0.021896749786862
7060,0.0168844947907955
7061,0.732399535808418
7062,0.0216541679391379
7063,0.143248095582796
7064,0.191180855693908
7065,0.030277884058458
7066,0.219584573074892
7067,0.0299183655488097
7068,0.0155026156548331
7069,0.0184100995929098
7070,0.134434560849297
7071,0.0765176699482943
7072,0.857375077399039
7073,0.58086735556668
7074,0.0274426079457976
7075,0.272535440292278
7076,0.018000000154889
7077,0.0168612903759606
7078,0.0760017467674076
7079,0.244833256220039
7080,0.0184353541392094
7081,0.582226357665495
7082,0.243326640971595
7083,0.0187410188676183
7084,0.854146570903578
7085,0.0153960696258196
7086,0.0230254858021145
7087,0.829368533951059
7088,0.0228615056085132
7089,0.124090822716464
7090,0.0131690176889025
7091,0.0299776209912548
7092,0.0289690525155537
7093,0.0222213558490583
7094,0.0231144475442901
7095,0.854154052800664
7096,0.016722708913441
7097,0.728282293031854
7098,0.0326676121496955
7099,0.0244286037200145
7100,0.0164941800116162
7101,0.0162910853576676
7102,0.012698886874208
7103,0.0622413406481053
7104,0.130098359346916
7105,0.101047790671629
7106,0.0340000002527286
7107,0.0390000066574666
7108,0.0545151203304837
7109,0.0292301589617661
7110,0.0232161778321645
7111,0.0395000084678193
7112,0.0370798542080703
7113,0.0118045605533726
7114,0.0400000036203693
7115,0.0300000041979527
7116,0.147176975039306
7117,0.0132144021813228
7118,0.0791647742912537
7119,0.0300000046114083
7120,0.91490670819108
7121,0.176297460727705
7122,0.239330021854859
7123,0.0824832407592622
7124,0.266686206875214
7125,0.0134455462496124
7126,0.192876703514443
7127,0.0267476091636437
7128,0.0234611690145962
7129,0.0141912001658372
7130,0.0205952508614685
7131,0.833556250359352
7132,0.138819955516994
7133,0.0616356028488066
7134,0.191006794600889
7135,0.0281131219404882
7136,0.103323017226134
7137,0.0197684137411606
7138,0.185326273352091
7139,0.0229353541392094
7140,0.0395000002509365
7141,0.733393087569946
7142,0.0152480955827965
7143,0.0283765499516891
7144,0.0212740836353462
7145,0.6120541352313
7146,0.020427277851995
7147,0.0256570336361641
7148,0.725277766275301
7149,0.0188439853030014
7150,0.262511232617363
7151,0.690450707372334
7152,0.0507695190498226
7153,0.0695215105572805
7154,0.021396749786862
7155,0.0535197616450262
7156,0.0153113436077498
7157,0.139609629037454
7158,0.059143038389238
7159,0.0151014994220903
7160,0.0180000001518332
7161,0.0205952508614685
7162,0.0913975527426171
7163,0.261973598934128
7164,0.01361416510453
7165,0.0131690176889025
7166,0.0220429764963246
7167,0.0275396431698514
7168,0.0145688640759768
7169,0.0196606024853196
7170,0.0174267786231818
7171,0.0231772835339032
7172,0.0186344869260065
7173,0.0157434752814341
7174,0.0233667679631279
7175,0.0766849854650717
7176,0.526324598313317
7177,0.033755488024529
7178,0.65143111760695
7179,0.0308188613101497
7180,0.672927769833316
7181,0.699419175854219
7182,0.0223439853030014
7183,0.0232691500910958
7184,0.0175227872994647
7185,0.694167164982818
7186,0.140299595777454
7187,0.0167457292234707
7188,0.373230015277548
7189,0.0310000039431217
7190,0.012698886874208
7191,0.115694404420381
7192,0.0130224331636447
7193,0.0152691500910958
7194,0.0385000003602191
7195,0.0981677566386866
7196,0.049650903082249
7197,0.0380000061649622
7198,0.0408230172261344
7199,0.0430000036152202
7200,0.0305000041741212
7201,0.0222515970222467
7202,0.0617121837507122
7203,0.0626309777793019
7204,0.0315000044123688
7205,0.0185947258050278
7206,0.0788619061039919
7207,0.0440500140986639
7208,0.83776879070149
7209,0.0481547292094598
7210,0.304254411676266
7211,0.0496163467868161
7212,0.161531068094074
7213,0.114328374765068
7214,0.081105620294633
7215,0.0459296540298805
7216,0.0493255066590663
7217,0.222144459524674
7218,0.873959621851585
7219,0.0134455462496124
7220,0.0749950267228823
7221,0.0225322635956192
7222,0.0313217331853075
7223,0.156896749786862
7224,0.0188899896699851
7225,0.58057949005097
7226,0.0199857391583523
7227,0.0239066402208391
7228,0.0344837019028653
7229,0.727782293031854
7230,0.20244792061413
7231,0.0250468690002369
7232,0.0870720582882407
7233,0.156576156571381
7234,0.671671625808969
7235,0.0203994101652415
7236,0.0142501931369399
7237,0.0222213558490583
7238,0.795681259771735
7239,0.0141715885783281
7240,0.0140739246708855
7241,0.0143490441133141
7242,0.650853833914163
7243,0.0450000636282694
7244,0.0196096290374545
7245,0.0391126075736777
7246,0.0206233745822404
7247,0.0190776507428935
7248,0.183704717172402
7249,0.0226432441395016
7250,0.0885623195068292
7251,0.0359891873152519
7252,0.0235000000922623
7253,0.0154386026911562
7254,0.122706269409857
7255,0.244079664395028
7256,0.126128556952705
7257,0.0243944428038862
7258,0.89666090958524
7259,0.119205353234591
7260,0.141510525037622
7261,0.0190000001670248
7262,0.0997177025957584
7263,0.0380288635099276
7264,0.0921974831414894
7265,0.0759627507716805
7266,0.0919996852546427
7267,0.0234685438690684
7268,0.103679793951185
7269,0.0183345354452464
7270,0.0179599118615478
7271,0.162598791253274
7272,0.0197555237179972
7273,0.0876673524455933
7274,0.174269215796971
7275,0.0247450288003379
7276,0.0962894464126713
7277,0.038199493568912
7278,0.0175951281118348
7279,0.0491752626239538
7280,0.0131690176889025
7281,0.021980833492662
7282,0.0629349656585051
7283,0.0213123929079929
7284,0.0206453471950956
7285,0.0356502339598041
7286,0.155322314242129
7287,0.0194200853023456
7288,0.734064948817188
7289,0.0148944428038862
7290,0.31569732768491
7291,0.10491687932198
7292,0.012698886874208
7293,0.154277968911092
7294,0.068158691013419
7295,0.0579909594452789
7296,0.0185311271992041
7297,0.0235577249752815
7298,0.0400000002852297
7299,0.0463306150299081
7300,0.0213150355536089
7301,0.0375000062979941
7302,0.0364846778997095
7303,0.0325000053167441
7304,0.0255160681360348
7305,0.0420000036152202
7306,0.0300000044692526
7307,0.206515603022301
7308,0.81330238417433
7309,0.0303970085851919
7310,0.0306341817605361
7311,0.114069805784829
7312,0.241712253995112
7313,0.267081922338886
7314,0.924300695499278
7315,0.0133527483638067
7316,0.645298515182996
7317,0.19359267195323
7318,0.0362515970222467
7319,0.189506510592964
7320,0.0225658847969733
7321,0.02174067393387
7322,0.0215396431698514
7323,0.0312867816746198
7324,0.0338376844001941
7325,0.0134828407348359
7326,0.0269551263442699
7327,0.017692030266246
7328,0.0907599822642786
7329,0.0171653622875018
7330,0.0524148021677973
7331,0.0155240103486595
7332,0.0384949427475442
7333,0.156910216196574
7334,0.030500000157333
7335,0.0205682588138839
7336,0.0160240484223659
7337,0.123985944043502
7338,0.0340049521848185
7339,0.0307037738970043
7340,0.0196096290374545
7341,0.0222818774314852
7342,0.198507963999541
7343,0.0251858826430126
7344,0.69616178074156
7345,0.0192876872076616
7346,0.02777674106244
7347,0.0361965539806399
7348,0.0254584487671716
7349,0.715444175091152
7350,0.0480000250127965
7351,0.0337476179285677
7352,0.0188181928486148
7353,0.0177650440522665
7354,0.0370000001975692
7355,0.637050019787793
7356,0.165910216196574
7357,0.838584950281224
7358,0.0289710939099057
7359,0.160975904505363
7360,0.014554470464056
7361,0.0155883660452478
7362,0.0210720716321413
7363,0.0190980421157462
7364,0.0131690176889025
7365,0.0287250826523713
7366,0.0166309328218409
7367,0.161775809746691
7368,0.0140739246708855
7369,0.0170192301162202
7370,0.0192349709242615
7371,0.0232902327543749
7372,0.136977620991255
7373,0.0255130653096253
7374,0.0304649138452117
7375,0.759093188099433
7376,0.0514529258068357
7377,0.0494992242139854
7378,0.0196561557688303
7379,0.0323402460579245
7380,0.135568430172435
7381,0.0307476091636437
7382,0.736928132841924
7383,0.0155883660452478
7384,0.0448765499516891
7385,0.0204885541476755
7386,0.303955171649319
7387,0.0504550382721741
7388,0.0365000062622408
7389,0.0145487462042835
7390,0.200647324297546
7391,0.0174028557919017
7392,0.0165168964828119
7393,0.234316577995934
7394,0.044251143302785
7395,0.012698886874208
7396,0.099919326560053
7397,0.0380000003770046
7398,0.0204611690145962
7399,0.100539643169851
7400,0.0254440975540339
7401,0.0417696903234447
7402,0.0231458452508336
7403,0.0560000104384372
7404,0.0523849467077813
7405,0.162776643735735
7406,0.029500004288539
7407,0.0415000036100784
7408,0.0133595706379195
7409,0.0295000044883763
7410,0.0244269107958955
7411,0.8836721675952
7412,0.163079883635833
7413,0.0627351532294008
7414,0.0376250953928241
7415,0.694782293031854
7416,0.0545422466934553
7417,0.0281858826430126
7418,0.0178873790601912
7419,0.461405935922381
7420,0.0225904082098002
7421,0.0134455462496124
7422,0.0163135315559086
7423,0.0168149738438281
7424,0.286836196780825
7425,0.0162239256886951
7426,0.0170477906716294
7427,0.190014041056
7428,0.0191843012478991
7429,0.0508423476287429
7430,0.253508333332583
7431,0.0175709825913882
7432,0.0141715885783281
7433,0.211922697848731
7434,0.0202329670035479
7435,0.0180105250376225
7436,0.0562961726886789
7437,0.545039441463315
7438,0.0847378015126225
7439,0.0680220710448782
7440,0.0267092577609587
7441,0.0500234872627118
7442,0.0190197658285837
7443,0.196905299992806
7444,0.0220875824569565
7445,0.596029891294359
7446,0.0215904082098002
7447,0.144340891359003
7448,0.020199293433554
7449,0.0303124706949379
7450,0.0355658847969733
7451,0.0139575904912356
7452,0.0211593776495413
7453,0.029500000144455
7454,0.0672139172988467
7455,0.084226221914111
7456,0.0226182400900124
7457,0.0231193056005317
7458,0.0193698117225265
7459,0.0869800646292307
7460,0.0173612903759606
7461,0.0332085188228176
7462,0.0201875023160191
7463,0.0956208619401284
7464,0.0174309961070495
7465,0.0153887705576179
7466,0.0241330269388931
7467,0.0192092577609587
7468,0.598929748171842
7469,0.0835367058838078
7470,0.719782093473569
7471,0.623279689267988
7472,0.0296513342631703
7473,0.442392841960899
7474,0.862196135868458
7475,0.685447653583652
7476,0.347755942407433
7477,0.0204885541476755
7478,0.0311698588542671
7479,0.0168844947907955
7480,0.112951059984376
7481,0.0176961997279018
7482,0.0325175026548445
7483,0.096122130267113
7484,0.0375000070474803
7485,0.0450000003591952
7486,0.0173921218304963
7487,0.10383557592349
7488,0.022983031430418
7489,0.0400000066669488
7490,0.0539083425399275
7491,0.0290000041209938
7492,0.0395000035895842
7493,0.0305000047176262
7494,0.0692177320472523
7495,0.913768664166241
7496,0.852855039074349
7497,0.0438540799056569
7498,0.354173350572046
7499,0.49830977717865
7500,0.485495328654437
7501,0.117735018348985
7502,0.782385490170991
7503,0.781450474229905
7504,0.0264367960027959
7505,0.580372087856674
7506,0.218806044820184
7507,0.573158895120602
7508,0.0782494335089196
7509,0.793063228295721
7510,0.0325435091370934
7511,0.653603943139365
7512,0.0338187862770504
7513,0.390022460532386
7514,0.0734444928775289
7515,0.0314652661025747
7516,0.0350791731080668
7517,0.0366312077602854
7518,0.0314718186786849
7519,0.748676389096483
7520,0.821275071104549
7521,0.265806256143671
7522,0.0309344910716546
7523,0.211186597217732
7524,0.184975463178925
7525,0.052556719882704
7526,0.131829086305998
7527,0.918408956001206
7528,0.220308539002933
7529,0.164434058404247
7530,0.0475267198997037
7531,0.587999613041014
7532,0.59387321535991
7533,0.910572639680464
7534,0.905201154537269
7535,0.622556131478247
7536,0.368964536864348
7537,0.187005504058578
7538,0.829526216283967
7539,0.228389733237097
7540,0.0260850825959033
7541,0.75391985094571
7542,0.729615058974196
7543,0.0141324443085924
7544,0.895116659834799
7545,0.147961169014596
7546,0.0196606024853196
7547,0.0448860987287397
7548,0.0134269366414393
7549,0.0340000001984146
7550,0.0160633982313323
7551,0.152137479827752
7552,0.0187667096717513
7553,0.0139962643995577
7554,0.0164262115212436
7555,0.703448384465958
7556,0.0292053532345913
7557,0.178742669591216
7558,0.739447653583652
7559,0.169141061485949
7560,0.145245729223471
7561,0.565576783791762
7562,0.157775201583511
7563,0.0230000001380234
7564,0.0155183442137058
7565,0.0206171947993584
7566,0.0304660702910272
7567,0.0158702364357481
7568,0.0328766737253786
7569,0.73393269947194
7570,0.0163585136363971
7571,0.285370349683261
7572,0.180843087290227
7573,0.842791251104588
7574,0.0259427950351665
7575,0.0174028557919017
7576,0.0159386026911562
7577,0.0290806688938545
7578,0.830620299554991
7579,0.0164941800116162
7580,0.0151223578256984
7581,0.114187360894668
7582,0.0169776209912548
7583,0.110343783958253
7584,0.745661645850639
7585,0.882361057314518
7586,0.142845355522584
7587,0.0229039750948763
7588,0.0206735363746002
7589,0.0240085912739194
7590,0.0204769830563122
7591,0.0165904082098002
7592,0.0183848783219608
7593,0.0161521470958963
7594,0.0416269000144938
7595,0.012698886874208
7596,0.0363101951860569
7597,0.126859808086484
7598,0.10126866900493
7599,0.0365000080678059
7600,0.0440000009334481
7601,0.0146906778085078
7602,0.0436769961112518
7603,0.0231144475442901
7604,0.0173976060128203
7605,0.0510000092227171
7606,0.037559226611082
7607,0.0300000043191668
7608,0.0197354815195067
7609,0.0122442449908774
7610,0.0400000036100784
7611,0.141310670162246
7612,0.101513065309625
7613,0.0300000047310743
7614,0.922239428035092
7615,0.214786938497778
7616,0.104945156125087
7617,0.0821347785959263
7618,0.0492600941185031
7619,0.918184592049879
7620,0.0800363299765574
7621,0.113788237762473
7622,0.205002091044104
7623,0.0210952587502114
7624,0.0163810495924866
7625,0.0530000002705978
7626,0.0134269366414393
7627,0.663283282899135
7628,0.0961328878261929
7629,0.179564742824433
7630,0.0242410188676183
7631,0.131818001647501
7632,0.145331277089622
7633,0.03297473934992
7634,0.268375171329312
7635,0.857785405533886
7636,0.769948265612279
7637,0.179928392178974
7638,0.0242060708908559
7639,0.814452775010312
7640,0.0193265530667345
7641,0.0164036155417637
7642,0.0164714937190605
7643,0.0231213397494316
7644,0.0235896950264558
7645,0.015782986017778
7646,0.772192921367188
7647,0.0250352519838728
7648,0.0188848783219608
7649,0.726504342655653
7650,0.146607386569525
7651,0.0284372379222111
7652,0.188096721927801
7653,0.0176866964512328
7654,0.0199584487671716
7655,0.0175468690002369
7656,0.0132422129307586
7657,0.0185875824569565
7658,0.16177877915628
7659,0.0148123929079929
7660,0.0205890791438959
7661,0.0186897386241013
7662,0.121020985250906
7663,0.0239066402208391
7664,0.0162239256886951
7665,0.0158047550202745
7666,0.0180352519838728
7667,0.0180000001628001
7668,0.0198708263857941
7669,0.0274200853023456
7670,0.15274295947711
7671,0.101333560292233
7672,0.143533612193044
7673,0.668475385419114
7674,0.0401406540409731
7675,0.0426137116698549
7676,0.699207896029614
7677,0.0213135315559086
7678,0.0242699103075997
7679,0.26905624569739
7680,0.0351442114313495
7681,0.0177163360182582
7682,0.0590002732792423
7683,0.0159140364135972
7684,0.427246478598228
7685,0.012698886874208
7686,0.0175175026548445
7687,0.0127502386466345
7688,0.111463217136817
7689,0.0365000003151108
7690,0.0992126095767284
7691,0.0595192511450403
7692,0.0350455793261688
7693,0.0385000075136221
7694,0.0359890511299676
7695,0.0154126520096749
7696,0.0310000038929344
7697,0.0430000035998167
7698,0.0676220129002293
7699,0.0373146434513019
7700,0.0565581329856573
7701,0.0281277673210635
7702,0.155506329106391
7703,0.0310000047648626
7704,0.0481547292094598
7705,0.939616251129605
7706,0.0394954229249825
7707,0.886334539798813
7708,0.09587304538897
7709,0.0183848783219608
7710,0.0179611690145962
7711,0.201174473449345
7712,0.199503505420927
7713,0.0168844947907955
7714,0.153799754301236
7715,0.0132973689313948
7716,0.0134455462496124
7717,0.42229369075932
7718,0.0132973689313948
7719,0.0223796360169746
7720,0.0207329670035479
7721,0.0158702364357481
7722,0.0234961182261436
7723,0.0219885541476755
7724,0.0628372244871787
7725,0.739182693263245
7726,0.0158921218304963
7727,0.106554238345101
7728,0.15681886131015
7729,0.0165852273404649
7730,0.0133712579733826
7731,0.0279383277106555
7732,0.0199584487671716
7733,0.0163360076365177
7734,0.725045707420649
7735,0.0167918616510256
7736,0.0198496439527076
7737,0.0146293797232984
7738,0.0178138810543465
7739,0.0179119432203374
7740,0.0154386026911562
7741,0.0211071361749501
7742,0.880417402711298
7743,0.739265375142907
7744,0.0132605734910595
7745,0.0205404272635925
7746,0.711661645850639
7747,0.0170477906716294
7748,0.560542953154463
7749,0.0184100995929098
7750,0.0159799556551077
7751,0.0131690176889025
7752,0.0164262115212436
7753,0.0297606169174193
7754,0.021419509554567
7755,0.0257883030191591
7756,0.0165624201099761
7757,0.0179858307277331
7758,0.0133342636746838
7759,0.852400828403321
7760,0.0204831226079618
7761,0.0405754250256314
7762,0.148542976496325
7763,0.0159359802212413
7764,0.0172126095767283
7765,0.0166997191557881
7766,0.015545433621292
7767,0.0173312770896224
7768,0.0400000002380638
7769,0.0164036155417637
7770,0.0163265530667345
7771,0.033679444836139
7772,0.0179858307277331
7773,0.0236217063129315
7774,0.0155240103486595
7775,0.0423959462408327
7776,0.0149086737822828
7777,0.65486735556668
7778,0.0148123929079929
7779,0.0253175923736375
7780,0.0138039302603036
7781,0.08344961247416
7782,0.0167910853576676
7783,0.0175883660452478
7784,0.0192843251877158
7785,0.0153960696258196
7786,0.0479921764591136
7787,0.0190000001568858
7788,0.0182537713360836
7789,0.663597427746135
7790,0.0302365371224845
7791,0.85809608020087
7792,0.0153113436077498
7793,0.0775168508485694
7794,0.107889100915212
7795,0.0178085118600206
7796,0.207106715322823
7797,0.0132605734910595
7798,0.655823970229998
7799,0.0965709825913882
7800,0.0183793435860957
7801,0.017589822445558
7802,0.0253785673524756
7803,0.0133158038744046
7804,0.307942091337199
7805,0.0217501931369399
7806,0.031160803918977
7807,0.0173312770896224
7808,0.0171889702765006
7809,0.0500000294190151
7810,0.012698886874208
7811,0.164294694462959
7812,0.0404742115233553
7813,0.111995736700328
7814,0.0390000006293184
7815,0.086292830576079
7816,0.0569563085300469
7817,0.0520436325011257
7818,0.0188899896699851
7819,0.0166946741486722
7820,0.0375444595788629
7821,0.0420000085040527
7822,0.0300000042279335
7823,0.0420000036049439
7824,0.0186096290374545
7825,0.0641794409781874
7826,0.0305000047852512
7827,0.833142454500426
7828,0.0756122646634074
7829,0.937768213072036
7830,0.172487638902176
7831,0.115973676123305
7832,0.240103500797695
7833,0.0419471150389557
7834,0.26992124941065
7835,0.918078217748449
7836,0.166007723457768
7837,0.0428986650781798
7838,0.0488066012733973
7839,0.156893536101303
7840,0.0134083520805029
7841,0.0384373449677992
7842,0.0499697051878385
7843,0.033641711826427
7844,0.0178873790601912
7845,0.133866158972647
7846,0.0171182400900124
7847,0.0450754250256314
7848,0.0265952587502114
7849,0.0162462824608691
7850,0.0135577316729119
7851,0.0178383480165924
7852,0.0192896539572117
7853,0.682497244112542
7854,0.0273350852366542
7855,0.734590691903271
7856,0.703793636273676
7857,0.0866428440892611
7858,0.0216777755676352
7859,0.0201096290374545
7860,0.0236347955843948
7861,0.0186641491032943
7862,0.139692030266246
7863,0.0182592696908916
7864,0.646178710429674
7865,0.559283348266955
7866,0.0137657727488416
7867,0.0272953226624027
7868,0.12207838176443
7869,0.826708931564501
7870,0.0445762929675355
7871,0.0319187893006451
7872,0.0137848386760252
7873,0.2014124831681
7874,0.187630603374373
7875,0.0178628473387481
7876,0.0228957958177561
7877,0.0150806688938545
7878,0.104552071063227
7879,0.020393536101303
7880,0.0175000001591347
7881,0.677952119654044
7882,0.0444746258118509
7883,0.20820689863514
7884,0.017071242678284
7885,0.0151851006371662
7886,0.0676872712453772
7887,0.0399849636754235
7888,0.0610705387966997
7889,0.759791981267941
7890,0.0170836459536499
7891,0.590914712689407
7892,0.0145688640759768
7893,0.306596295390509
7894,0.0204562691618112
7895,0.0288676184375588
7896,0.0245678250628946
7897,0.831069415234032
7898,0.0460788584332905
7899,0.0178628473387481
7900,0.0170192301162202
7901,0.0340000058653801
7902,0.0219551263442699
7903,0.012698886874208
7904,0.023209948597432
7905,0.100630932821841
7906,0.118696442951772
7907,0.0320000002248891
7908,0.0385000004529855
7909,0.0167902327543749
7910,0.0209003792582708
7911,0.0591669012232998
7912,0.0204490504512047
7913,0.0302523011238362
7914,0.0350000058155049
7915,0.0295000043810801
7916,0.0415000035946968
7917,0.0667853372652688
7918,0.00445589111601112
7919,0.0321141651045301
7920,0.0295000047243455
7921,0.0397849424608646
7922,0.0349290760437466
7923,0.945656785802358
7924,0.400884615150454
7925,0.0967383439847639
7926,0.0477743458172357
7927,0.509739443410469
7928,0.0531701653599348
7929,0.0134083520805029
7930,0.544490020593014
7931,0.507826690693117
7932,0.816424828418884
7933,0.0205890791438959
7934,0.0286096958670576
7935,0.0170947258050278
7936,0.0365429764963246
7937,0.0327250512719513
7938,0.165729129258083
7939,0.730112245183201
7940,0.0141520033036208
7941,0.0183290152882334
7942,0.0159359802212413
7943,0.0164714937190605
7944,0.0155240103486595
7945,0.0161347955843948
7946,0.0152270691943974
7947,0.0260852273404649
7948,0.0168612903759606
7949,0.0215429764963246
7950,0.0168612903759606
7951,0.0147104465953859
7952,0.0147104465953859
7953,0.0147511432192607
7954,0.0141324443085924
7955,0.0154356327892252
7956,0.0152902327543749
7957,0.0146901391315335
7958,0.206657017294324
7959,0.662052596328296
7960,0.615755229213101
7961,0.0433732414984108
7962,0.163699606187337
7963,0.0229066402208391
7964,0.0249365185234427
7965,0.0253439853030014
7966,0.0158483801931995
7967,0.0189158766615555
7968,0.0152691500910958
7969,0.5535541352313
7970,0.136547790671629
7971,0.032043493626374
7972,0.0207017623814037
7973,0.0446811043733991
7974,0.0219507331508344
7975,0.0162686690049301
7976,0.0411272550751591
7977,0.0141715885783281
7978,0.706650913761067
7979,0.715566099310904
7980,0.0154105015325663
7981,0.0220773323295201
7982,0.0182305024119309
7983,0.666754154460407
7984,0.450070423882162
7985,0.0168265530667345
7986,0.635064885740587
7987,0.0236791140694426
7988,0.285335595744431
7989,0.817526216283967
7990,0.0264637381870161
7991,0.0249269366414393
7992,0.0134641809368053
7993,0.09480748065735
7994,0.0259769331670361
7995,0.0178688940124673
7996,0.0158483801931995
7997,0.0177596890355105
7998,0.0171182400900124
7999,0.0170243697469504
8000,0.0305000038708345
8001,0.0198708263857941
8002,0.102480905207399
8003,0.0315000002271409
8004,0.177535903718891
8005,0.0525100060732511
8006,0.0277300066660093
8007,0.0380000070074722
8008,0.0395000036152202
8009,0.0295000044123688
8010,0.0412373756361494
8011,0.0544051828739768
8012,0.0295000046975257
8013,0.490589072534361
8014,0.666364679013816
8015,0.032660970086377
8016,0.914091026081831
8017,0.902269134851334
8018,0.853743256106001
8019,0.675876449349795
8020,0.167594552770642
8021,0.785066970491886
8022,0.0405071236360306
8023,0.12359330396705
8024,0.0838683326267341
8025,0.582756692624191
8026,0.935816788311429
8027,0.159534464276995
8028,0.926569413491344
8029,0.0328150928180995
8030,0.0554246706473318
8031,0.0330102880764635
8032,0.0376746328383761
8033,0.0302480889125204
8034,0.0322680350398251
8035,0.0510071236360306
8036,0.847218836667696
8037,0.262583727999519
8038,0.0319652661025747
8039,0.940886617476539
8040,0.050802494036193
8041,0.278776698897942
8042,0.244635310962689
8043,0.722131492468606
8044,0.916730042507474
8045,0.0400836960866961
8046,0.192503500435323
8047,0.0134083520805029
8048,0.179022071044878
8049,0.0208212720614995
8050,0.153840542155725
8051,0.0224551263442699
8052,0.0164665153100501
8053,0.23370292846252
8054,0.0174028557919017
8055,0.827328073068551
8056,0.0147104465953859
8057,0.737948952940721
8058,0.5778115037259
8059,0.0174507331508344
8060,0.019129953023169
8061,0.0221007826045786
8062,0.0289183515830061
8063,0.686428627578817
8064,0.0278217331853075
8065,0.0186074702815703
8066,0.725634771338619
8067,0.0195266312693267
8068,0.0578284355614786
8069,0.017071242678284
8070,0.77819361534478
8071,0.0860525961437253
8072,0.0415000002271409
8073,0.0503637885142874
8074,0.880599425140505
8075,0.0207300252590769
8076,0.0498865701410405
8077,0.0133712579733826
8078,0.0304269366414393
8079,0.820041552153954
8080,0.015865433790336
8081,0.0197085188228176
8082,0.0243533629352157
8083,0.0221609910283087
8084,0.0173737217868262
8085,0.0179119432203374
8086,0.0254816269973718
8087,0.221348630207295
8088,0.124037295289991
8089,0.0159359802212413
8090,0.135345737321826
8091,0.0202268992699801
8092,0.0345000058237879
8093,0.0395000006169028
8094,0.0258280263323188
8095,0.100245729223471
8096,0.0148292208266778
8097,0.0411880385899915
8098,0.0505000096937798
8099,0.0271213397494316
8100,0.030000004539774
8101,0.0400000035998167
8102,0.107458533386493
8103,0.0310000052118517
8104,0.142740819165411
8105,0.88556094645467
8106,0.0862844669968758
8107,0.91444420610418
8108,0.193503627229144
8109,0.0134083520805029
8110,0.0254547805133479
8111,0.561254964689531
8112,0.683454899950371
8113,0.157205353234591
8114,0.197739202127083
8115,0.0198767917287537
8116,0.12314774990258
8117,0.0195533552609757
8118,0.0236858527812023
8119,0.0320063291063915
8120,0.0152480955827965
8121,0.16383205312383
8122,0.754047624369714
8123,0.761487787449382
8124,0.0183541628441072
8125,0.834556250359352
8126,0.0393963313437644
8127,0.118756329022923
8128,0.175709896343072
8129,0.0163535682200163
8130,0.0367785323734546
8131,0.131227069194397
8132,0.710940071400016
8133,0.140214155025544
8134,0.0295416270436489
8135,0.0289828407348359
8136,0.615876282240577
8137,0.705702251361576
8138,0.0613693272363846
8139,0.664421751229542
8140,0.0275621274116195
8141,0.0236901391315335
8142,0.15646569689538
8143,0.44706656290803
8144,0.0168612903759606
8145,0.145931519281881
8146,0.0166767599129682
8147,0.155213352619514
8148,0.0195000001267259
8149,0.0977163360182582
8150,0.0310000049304357
8151,0.0153324826863735
8152,0.0411643986526396
8153,0.0267450288003379
8154,0.0390000074285556
8155,0.0305000041386273
8156,0.021419509554567
8157,0.0415000036358607
8158,0.0559518393080039
8159,0.0123534241569038
8160,0.0310000044883763
8161,0.0334532022657694
8162,0.922795613495198
8163,0.050141824333939
8164,0.0134455462496124
8165,0.0203160253517599
8166,0.258473116798099
8167,0.0214259190742468
8168,0.665721321345472
8169,0.0176435150964718
8170,0.203463820177539
8171,0.167895882857453
8172,0.0170009798661713
8173,0.0222515970222467
8174,0.0140156403612836
8175,0.0691220129002293
8176,0.716615573543659
8177,0.020393536101303
8178,0.0180883660452478
8179,0.0845511833105589
8180,0.0206606024853196
8181,0.190239345234903
8182,0.0264083520805029
8183,0.0390624426695364
8184,0.0351229956845907
8185,0.0238748456601634
8186,0.0163135315559086
8187,0.845407649499072
8188,0.0167910853576676
8189,0.0987650440522665
8190,0.199078088724376
8191,0.145884480529379
8192,0.0450661538625169
8193,0.152257358422153
8194,0.051380628622289
8195,0.842622242118686
8196,0.900472090255745
8197,0.258500142947579
8198,0.923724645107566
8199,0.819657262311032
8200,0.166010548191243
8201,0.163054837347673
8202,0.0244769331670361
8203,0.224045126026754
8204,0.0158047550202745
8205,0.0167918616510256
8206,0.0256330269388931
8207,0.0206606024853196
8208,0.0161347955843948
8209,0.0526821281368922
8210,0.0369656968953805
8211,0.0461631370663736
8212,0.672282293031854
8213,0.0316690176889024
8214,0.948630423346253
8215,0.288994774043064
8216,0.0856324143386571
8217,0.496421221013179
8218,0.0300473604171327
8219,0.178675456312514
8220,0.691564555694501
8221,0.720581314389538
8222,0.876823611774935
8223,0.151788303019159
8224,0.111364078251145
8225,0.0185113178330621
8226,0.041177632791115
8227,0.0209923430597667
8228,0.0162239256886951
8229,0.0976580092890371
8230,0.736342428732598
8231,0.0237270691943974
8232,0.139562127411619
8233,0.0250389711126547
8234,0.153699606187337
8235,0.811768316613344
8236,0.0189353541392094
8237,0.745486761011101
8238,0.0972462824608691
8239,0.016907730021876
8240,0.0160240484223659
8241,0.0497164269044268
8242,0.178848369425806
8243,0.687237287266449
8244,0.0528181561033782
8245,0.0602815439526946
8246,0.0266467160339367
8247,0.0128350362055468
8248,0.0360236381228494
8249,0.873266354932101
8250,0.878284644191227
8251,0.810216130294446
8252,0.923337018201194
8253,0.561450897423601
8254,0.174393126341051
8255,0.515713789645079
8256,0.785692901837912
8257,0.642930421782512
8258,0.717135367559767
8259,0.0743556412575835
8260,0.0202627215529582
8261,0.159567179980494
8262,0.072664518288727
8263,0.075748128232888
8264,0.881238841733524
8265,0.227972934369946
8266,0.0577640535275698
8267,0.755258818278649
8268,0.761344015630231
8269,0.0442640535275698
8270,0.0349652661025747
8271,0.818804076101704
8272,0.215880378791596
8273,0.038790313442313
8274,0.0407963719039748
8275,0.9249748968011
8276,0.423565197671022
8277,0.275712323673854
8278,0.0388331944960127
8279,0.234878289175046
8280,0.0895613526232392
8281,0.187505504058578
8282,0.147926211521244
8283,0.599603583901816
8284,0.758852122218169
8285,0.0186897386241013
8286,0.0200254858021145
8287,0.0172126095767283
8288,0.0336726164093415
8289,0.0288781470395889
8290,0.673650890775429
8291,0.729207896029614
8292,0.0283041229170573
8293,0.16680912222122
8294,0.0233317703648591
8295,0.1087271568352
8296,0.0155883660452478
8297,0.0131690176889025
8298,0.871838970721523
8299,0.600334081729314
8300,0.2418220278632
8301,0.0254816269973718
8302,0.250248634161506
8303,0.0153324826863735
8304,0.0305015256755567
8305,0.0203628473387481
8306,0.016833031378572
8307,0.0161347955843948
8308,0.101165362287502
8309,0.110319267213917
8310,0.0464695272634989
8311,0.0314100824910821
8312,0.792437792025527
8313,0.0524556835246152
8314,0.0342349801708975
8315,0.791316943647908
8316,0.205002091044104
8317,0.0243107815647377
8318,0.0134269366414393
8319,0.146265044052267
8320,0.68927488499898
8321,0.543159209365861
8322,0.0141715885783281
8323,0.0303022498091412
8324,0.639518629111817
8325,0.728444175091152
8326,0.0295598662062053
8327,0.02080748065735
8328,0.0276513342631703
8329,0.0159150240147481
8330,0.138953481502868
8331,0.732893087569946
8332,0.0220107624172398
8333,0.0236676121496955
8334,0.144149605729529
8335,0.261980912072889
8336,0.519550106477991
8337,0.0152270691943974
8338,0.0261550792396893
8339,0.0893412860014825
8340,0.0153113436077498
8341,0.0170243697469504
8342,0.803602793599064
8343,0.0331550792396893
8344,0.0165883660452478
8345,0.693033824693339
8346,0.156745028800338
8347,0.02911416510453
8348,0.0244311940935208
8349,0.0155026156548331
8350,0.0165168964828119
8351,0.0160682588138839
8352,0.00647266699427145
8353,0.136248261765675
8354,0.09880748065735
8355,0.0509579991960559
8356,0.00569956025561819
8357,0.0317572370777109
8358,0.952734522147326
8359,0.872504750045999
8360,0.149826273352091
8361,0.029873731716932
8362,0.246259801701609
8363,0.0194200853023456
8364,0.189882970120527
8365,0.0134083520805029
8366,0.723892249557081
8367,0.0243103891729087
8368,0.890402524146904
8369,0.717838587799331
8370,0.245240916805829
8371,0.0243434463512508
8372,0.0166538311474752
8373,0.0475945836473061
8374,0.0288345354452464
8375,0.735366218227985
8376,0.0451137116698549
8377,0.0167176572013291
8378,0.142699719155788
8379,0.0285808763386852
8380,0.558015348094043
8381,0.0166538311474752
8382,0.877405565944255
8383,0.194548287873185
8384,0.0249961182261436
8385,0.0231144475442901
8386,0.851443883996653
8387,0.0164036155417637
8388,0.0179311350691373
8389,0.0265389711126547
8390,0.0196546993681539
8391,0.800393469663226
8392,0.172170647450183
8393,0.0176193056005317
8394,0.0167918616510256
8395,0.112013655010654
8396,0.00511032562189089
8397,0.114240678644274
8398,0.106187502316019
8399,0.052621859112528
8400,0.0244100824910821
8401,0.0453331186443909
8402,0.832869308553284
